position,page,title,snippet,link
1,1,Buy Premium BLDC Ceiling Fans At Best Prices Online In ...,"Our wide range of stylish, energy-efficient BLDC fans offers powerful air delivery, low-noise operation, and modern convenience. From smart fans with remote, ...",https://atomberg.com/atomberg-ceiling-fans?srsltid=AfmBOopkKvmwWzDsiFKijjMenESesFjocJ_ITOVaDTtALGf8adELN-al
2,1,Buy Energy Efficient BLDC Ceiling Fans | 5 Star Rated and ...,Kühl Fest Fan comes with revolutionary and super energy-efficient BLDC motor technology that saves electricity up to 65%. This Fan runs on just 28 W power at ...,https://shop.kuhl.in/?srsltid=AfmBOoo5gf5QOuLs1QxkS7KMlkOP5dZ11DVK5bbSwQd6ez7-KsoFYFUA
3,1,Buy BLDC Fans (बीएलडीसी फैन) Online at Best Price in India,Experience energy efficiency and superior performance with BLDC ceiling fan! Explore a wide range of fans equipped with advanced BLDC technology that ...,https://orientelectric.com/collections/bldc-fans?srsltid=AfmBOoovHAdha9O1RulQUCCPkvVKdg3POxApMm1_hcATaw_IwVJIoXAe
4,1,Crompton: BLDC Fans,Crompton Energion Cromair 1200mm BLDC Ceiling Fan with Remote Control | BEE 5 Star Rated Energy Efficient | Anti-Rust | Superior Air Delivery | 28 Watt | 5 ...,https://www.amazon.in/stores/Crompton/page/F624728E-F41E-472E-B1F2-9CA9AEB563B2
5,1,Superfan: India's First BLDC Ceiling Fan | 5 Years Warranty,"We've been using the Superfan v1 Model from 2021, and it has been very comfortable and noiseless. It's super energy-efficient, and our electricity bill has been ...",https://superfan.in/?srsltid=AfmBOoo-edM1kVO8jlos05xYxEEIhGGlGN-Bm0cAVLlau6WSLO55RZRc
6,1,High-Quality Ceiling Fans - Shop Now at Havells,Explore our range of efficient ceiling fans at Havells. Find stylish designs and superior performance to keep your space cool and ...,https://havells.com/fans/ceiling-fans.html
7,1,Revolutionizing Home Efficiency: The Push for BLDC Fans ...,"A top-rated BLDC fan is approximately 50% more efficient than a conventional fan, that means India can cut its overall residential electricity ...",https://www.power.com/community/green-room/blog/revolutionizing-home-efficiency-bldc-fans-india
8,1,Explore EcoLink Ceiling Fans | energy-efficient BLDC Fans ...,"Powered by cutting-edge BLDC inverter technology, EcoLink fans save up to 55% on energy expenditures, while offering modern features like superior air delivery ...",https://fans.ecolinklighting.in/
9,1,BLDC Fans Energy Efficient BLDC Ceiling & Industrial ...,"Explore Airzon's range of BLDC ceiling fans & air circulator fans designed to save energy, reduce noise & deliver powerful cooling.",https://www.airzon.in/
1,2,Save Energy With ActivBLDC Motor Technology,"Alongside, it brings you a great deal as it reduces your energy consumption by up to 50%. BLDC Fans vs Normal Fans. Calculate your savings on BLDC fans here. As ...",https://www.crompton.co.in/blogs/fans-guide/save-energy-with-activbldc-motor-technology
2,2,Energy Saving - Sigma BLDC Ceiling Fan,"Sigma BLDC Fan offers high speed, air delivery & consumes only 34 watts power with the advanced DC technology. It runs smoothly and silently even at low ...",https://www.venushomeappliances.com/fan/energy-saving---sigma-bldc-ceiling-fan.html?srsltid=AfmBOorcW3ryihSe9IkeryxhCNF5KBwSfVlXdevaA-YmbhKk5YsrDMqr
3,2,BLDC Ceiling Fans | Energy-Saving & Smart Fans,Energy Efficiency: Save up to 65% on electricity bills with our 5-star rated BLDC fans. Remote Control Operation: Conveniently control fan speed and modes ...,https://atomberg.com/bldc-ceiling-fans?srsltid=AfmBOooFuiVrvpVQJAjurfiVs5Yp1FpgaIXBMhwk43y37e62CWz8qQVb
4,2,Bldc Ceiling Fan - Flipkart,"KUHL Fest B1 Power Saving BLDC Ceiling Fan |28W|365 RPM | Remote & Regulator Operated BLDC Motor with Remote 1200 mm Ceiling Fan. 57%. ₹4,500. ₹1,899. ₹1,804.",https://www.flipkart.com/q/bldc-ceiling-fan
5,2,Buy BLDC Fan Without Remote Online & Get Upto 40% Off,"• Nex Glyde A70 BLDC. A compact and efficient BLDC ceiling fan, delivering consistent comfort and energy efficiency with simple operation. Why Choose Bajaj ...",https://www.bajajelectricals.com/collections/bldc-fan-without-remote?srsltid=AfmBOoqWDXjElfX0BXbKsKyP-EPFj7ziPM7VBdjb2p9aNShoS2zI-_7u
6,2,How BLDC Fans save money,The latest line up of Sinox Fans consumes just 28 watts of energy. Prominent advantages of BLDC motor over induction motor is summarized as: Lower Electricity ...,https://sinoxpower.com/blog-articles/how-bldc-fans-save-money/
7,2,How BLDC Motor Fans Help in Saving Electricity,"BLDC motor fans consume far less electricity compared to conventional ceiling fans. With wattage as low as 25–35W, they deliver strong ...",https://www.bajajfinserv.in/how-bldc-motor-fan-helps-save-electricity
8,2,BLDC Fans vs Normal Fans: The Ultimate Buying Guide ...,"Compared to normal fans, BLDC fans are significantly more energy-efficient, quieter, longer-lasting, and require less maintenance, though they may cost more ...",https://orientelectric.com/blogs/fans/bldc-fans-vs-normal-fans?srsltid=AfmBOordY-Lj_QGqAgFi9XS9BDIIGrlGdvFsVj-l-oK-7UTtCMgocJw0
9,2,Atomberg Renesa+ Energy Efficient Dust Resistant Ceiling ...,"Atomberg BLDC fans consume just 28W, keeping your energy bills low. They are designed for energy efficiency and save 65% on electricity bills.",https://viveks.com/atomberg-renesa-energy-efficient-dust-resistant-ceiling-fan-with-bldc-motor-and-remote?srsltid=AfmBOop1JSb5Zrh3hRdHBolURR8Sl_GkPMEgSX2_AdjsZqulY2BRgJf7
10,2,Buy Energy Efficient BLDC Ceiling Fans | 5 Star Rated and ...,"BLDC are next generation DC fans, which reduces electricity consumption. Thus generates less heat and have longer life span.",https://www.kuhl.in/
1,3,Buy Energy Efficient BLDC Ceiling Fans | 5 Star Rated and ...,"BLDC are next generation DC fans, which reduces electricity consumption. Thus generates less heat and have longer life span.",https://www.kuhl.in/
