title,snippet,link,brands_detected
Smart Fan,"Crompton Energion Hyperjet Smart 1200mm BLDC Ceiling Fan | Wi-Fi, Bluetooth & Remote | Alexa & Ok Google | BEE 5 Star Energy Rated | High Air Delivery | 2 Year ...",https://www.amazon.in/Smart-Fan/s?k=Smart+Fan,Crompton
Buy Smart Ceiling Fans Online at Best Price,Shop the latest collection of smart ceiling fans online at the best prices. Experience the ultimate comfort and convenience with these intelligent fans.,https://orientelectric.com/collections/smart-ceiling-fans?srsltid=AfmBOoq1zS1lfzoHbeG8Da_D9JHEfsF0OObk_q6gGTUcC3RIyFL3AEEK,
Buy Premium BLDC Ceiling Fans At Best Prices Online In ...,"BLDC fans use a brushless motor, saving up to 65% power, are more durable, and offer silent operation, precise speed control, and longer lifespan.",https://atomberg.com/atomberg-ceiling-fans?srsltid=AfmBOoqV1IOlUP4Ugg8dQJ_48yVqJfMb9I5cGk_XZERS832s8bMbGXj_,
Buy Smart Ceiling Fans at Best Prices in India,"A smart ceiling fan lets you control speed, direction and settings remotely through a smartphone app or voice commands. They are known to enhance convenience, ...",https://www.crompton.co.in/collections/ceiling-fans/smart-fans,
Buy Smart Fans Online at Best Prices,"Smart fans connect via Wi-Fi/Bluetooth, controlled by app/voice, have BLDC motors, temperature sensors, and offer multiple control options.",https://www.croma.com/smart-devices/smart-home-devices/smart-fans/c/818?srsltid=AfmBOooNgY2V5TtRR_LZ1ftemQY99JUt_bCAIEQXSwHMkeLD3LYPUiug,
Buy Smart Fan Online & Get Upto 40% Off | Free Delivery,"Bajaj smart fan delivers consistent, smart-controlled airflow. Smart ceiling fan price includes adjustable speed settings. The best smart fan ensures silent ...",https://www.bajajelectricals.com/collections/smart-fan?srsltid=AfmBOooZcM66yE5KbZgg7tRWVWAUleD-b2EAU8yJQK8GblhJAETZUhGJ,
Imagina Ceiling Fan with Colored LED lights,"With app-controlled features, cleverly programmed LED lights, and stunning looks, Imagina is here to add a classy touch to your home. This intelligent fan can ...",https://www.vguard.in/thoughtful/fan,
High-Quality Ceiling Fans - Shop Now at Havells,Explore our range of efficient ceiling fans at Havells. Find stylish designs and superior performance to keep your space cool and ...,https://havells.com/fans/ceiling-fans.html,Havells
Mi Smart Standing Fan 2 - Xiaomi Global,"The Mi Smart Standing Fan 2 has a rated power as low as 15W. Compared to the Mi Smart Standing Fan, which has a rated power of 32W, it can save energy by more ...",https://www.mi.com/global/product/mi-smart-standing-fan-2/,
Best BLDC Smart Fan to Buy in India 2025 | Atomberg Aris ...,"In this video, we unbox and review the Atomberg Aris Contour Smart BLDC Fan – a game-changer in smart ceiling fans! ✓ Features Covered: ...",https://www.youtube.com/watch?v=tlVWVyVP9Lg,Atomberg
Buy Smart Fan Module 10A - OKOS,The Okos Fan Module 10A can be used either manually or set to a timer allowing you to have your Fans turned on before you even walk in the door.Using the Okos ...,https://okos.in/products/okos-smart-fan-module-10a?srsltid=AfmBOoqwFdVoM9HKrn51881aTzNRICh1Nvmu7a7nuMYNMkjY2WUlM0iN,
Buy Smart Fans Online At Amazing Prices Online In India,"A smart fan offers features like app-based control, voice commands, customizable speeds, and energy efficiency. It improves comfort by adjusting settings ...",https://atomberg.com/atomberg-ceiling-fans/smart-fans?srsltid=AfmBOooLnaWADEMUdFkUYAQY8C7MKGWmZq3i-U574VFyQYThpVn2efyu,
Orient Electric 1200mm Smart Premium Ceiling Fan ...,"Buy Orient Electric 1200mm Smart Premium Ceiling Fan with IOT, Remote & Underlight with 1 Year Warranty 1200 mm Ceiling Fan for Rs. online.",https://www.flipkart.com/orient-electric-1200mm-smart-premium-ceiling-fan-iot-remote-underlight-1200-mm-3-blade/p/itme5abe72bfc168,Orient
Smart Fan - Price in India,"Smart fans are the future of home cooling, offering advanced features like remote control, voice activation, and energy efficiency.",https://www.bajajfinserv.in/smart-fan,
Smart Ceiling Fans - Remote controlled ...,"Smart Ceiling Fan, 1300mm, 330 RPM · Smart Ceiling Fan, 1300mm, 330 RPM. ₹ 11,500 ... Smart Ceiling Fan. Smart Ceiling Fan. Lakshmi Sales ...",https://dir.indiamart.com/impcat/smart-ceiling-fans.html,
The Best Smart Fans for 2025,"Keep your place cool with a connected fan you can conveniently control with your phone or voice. We've rounded up the best smart ceiling, ...",https://www.pcmag.com/picks/the-best-smart-fans,
Smart Ceiling Fans,Turn your fan or fan light on / off · Adjust your fan speeds · Set timers and schedules · Control your fan from anywhere in the world · Controllable via intelligent ...,https://www.eglo.com/au/smart-ceiling-fans,
Wi-Fi Smart Fan Regulator Touch Switch - HomeMate,HomeMate Smart Wi-Fi Fan Regulator Touch Switch lets you control electrical devices wirelessly after downloading and connecting it with a smartphone app.,https://homemate.co.in/product/wi-fi-fan-touch-switch/?srsltid=AfmBOoqABwfCFdHYoO6PpM-WhB9QvXgtb7oIMalRHFHfyEM1R-ct0Nhp,
Wi-Fi Smart Fan Regulator Touch Switch - HomeMate,HomeMate Smart Wi-Fi Fan Regulator Touch Switch lets you control electrical devices wirelessly after downloading and connecting it with a smartphone app.,https://homemate.co.in/product/wi-fi-fan-touch-switch/?srsltid=AfmBOoruhnwsR-OIbTDMLHhXSPwOie9n0vLZ5aWL1PTiJ1cRkhLDk607,
What are smart fans and do you need them - Croma Unboxed,Smart fan is a term used to refer to ceiling fans that offer more functionality compared to regular fans.,https://www.croma.com/unboxed/what-are-smart-fans-and-do-you-need-them?srsltid=AfmBOoqnQTIvq1wN8Y848GGgQgRKKPbky5Mt1TM6qNQ6c4V5Sz2okmdS,
SMART FAN OPTIONS TO BREEZE INTO THE FUTURE,"Smart Fans! With spring around the corner, it's the perfect time to consider adding smart ceiling fans to help circulate the air to keep ...",https://www.youtube.com/watch?v=sCtdJJ1c1s0,
Superfan: India's First BLDC Ceiling Fan | 5 Years Warranty,"Superfan is India's first BLDC fan with 260 CMM airflow, a 5-year warranty, saves up to 69% electricity, and won Appliance of the Year award.",https://superfan.in/?srsltid=AfmBOorlgJyG-5NaKt1gAKX5CIsXHHsvgoKs4rXyFtOEYccnOTC6n62m,
Smart Ceiling Fans with App Control | Visual Comfort & Co.,Upgrade to smart ceiling fans with app and voice control features for connected luxury living. Experience modern comfort from Visual Comfort.,https://www.visualcomfort.com/us/c/smart-fans?srsltid=AfmBOooQpiC-wctLSwQlm7883IFypxvLAPc0sbZHcd4qbJ4n_pL4hFHg,
Best & Latest Price to Buy Xiaomi Smart Standing Fan 2,The Xiaomi Smart Standing Fan 2 has an adjustable wide-angle ventilation of 140° horizontal rotation & 39° vertical tilt with a 14m direct airflow range to ...,https://www.mi.com/in/product/xiaomi-smart-standing-fan-2/?srsltid=AfmBOop0A9nr_gZHNNBlS-BLC4YnWW1yMOccvnKRG_fbi471_JVV3HF9,
Smart fan,"The smart fan controller has 4 speed control, is for AC motor fans, compatible with DALI, supports IEC 62386-104 over Thread, and is compliant to IEC 62386-208.",https://zencontrol.com/products/smart-fan/,
SmartFan | getAir - fresh air so simple,"SmartFan is a small, quiet, efficient ventilation unit with a fine dust filter, quiet fan, and up to 91% heat recovery. SmartFan S has automatic humidity and ...",https://www.getair.eu/en/smartfan/,
I Tested 3 Smart Fans.. Here's What I learnt,Take this chance to change all three of my current sailing fans to a smart one from three different companies and share with everyone my experience.,https://www.youtube.com/watch?v=K83g-9gkox0,
Smart Ceiling Fans,"Control lights, fan speed, and direction directly from your smart devices with SIMPLEconnect® smart ceiling fans from Hunter and a Wi-Fi® connection.",https://www.hunterfan.com/collections/smart-ceiling-fans?srsltid=AfmBOoovXnDfauf0uCEvA8CHP_gK6BGOg5uCoG_EflRQPWepi60h6L3F,
Smart/IOT Fan Kit,"The kit turns any fan smart, with app/voice/remote control, timer, speed control, turbo, nature, intelligent, and sleep modes.",https://www.halonix.co.in/smart-iot/smart-iot-fan-kit/,
Smart Ceiling Fans,"Effortlessly control the 6 speeds and reversible airflow using the included remote control, or integrate seamlessly with your smart home ecosystem via the ...",https://www.homedepot.com/b/Smart-Home-Smart-Ceiling-Fans/N-5yc1vZccuu,
AIRWIZ PRIME 48 CHOCO BROWN GLO - 1200MM,"Electric fan design, Ceiling Fan. Power Source, Corded Electric. Style, Studio Smart. Product Dimensions, 61D x 24W x 21H Centimeters. Room Type, Bedroom, Smart ...",https://jamesandco.in/product/v-guard-ceiling-fan-airwiz-prime-48-choco-brown-glo-1200mm/?srsltid=AfmBOoqLSfT09GBtekhv0y_6IfCrz7PLKccsuZrb5nYiSIVmfLzt_w4v,
Best Ceiling Fan in India | Best Fan Company in India,"ACTIVA 1200mm Ceiling Fan, 390 RPM High Speed Air Delivery, 50 Watt Cooper Winding Motors, Anti Dust Coating, Less Noise, Large Sweep,(Super Orange).",https://digismartelectricals.com/product-category/ceiling-fan/,
TLT Turbo Africa launches SMART Fan for mining,“The SMART Fan control system uses the fan curve along with the fan laws to adjust revolutions per minute in order to deliver the desired ...,https://www.miningweekly.com/article/tlt-turbo-africa-launches-smart-fan-for-mining-2025-12-05,
Smart Fan Recommendations : r/homeautomation,"I recently got the 52"" modern forms smart fan with light from Amazon. I control the fan and the lights through my Google smart devices, so far ...",https://www.reddit.com/r/homeautomation/comments/oyk06t/smart_fan_recommendations/,
Buy Smart Series Collection Online in India,"Fanzart's Smart Series includes table, pedestal, and tower fans with features like 360° rotation, 3D oscillation, eco mode, and human sensors.",http://fanzartfans.com/product-category/smart-series-collection/,
Top Smart Fan Products from Verified Sellers,"Energy Efficiency: Smart fans are designed to consume less energy compared to traditional fans, which can lead to significant cost savings for businesses and ...",https://www.justdial.com/india/smart-fan,
Are smart ceiling fans worth buying?,"Yes, the BLDC motor is more efficient than the typical ceiling fan induction motor, so a ceiling fan with a BLDC motor will save you money in ...",https://www.quora.com/Are-smart-ceiling-fans-worth-buying,
Luker India – Premium LED Lighting Solutions & Advanced ...,"Luker India delivers next-gen LED lighting, premium fans, switchgear and water heaters with innovative design, energy efficiency and global standards.",https://www.lukerindia.com/,
Are smart ceiling fans worth buying?,"Yes, the BLDC motor is more efficient than the typical ceiling fan induction motor, so a ceiling fan with a BLDC motor will save you money in ...",https://www.quora.com/Are-smart-ceiling-fans-worth-buying,
Smart Fan - Apps on Google Play,"With Smart Fan app you can remotely control with your smartphone all Smart Fan Coil IoT devices. If you have a programmable thermostat, you can set comfort ...",https://play.google.com/store/apps/details?id=com.AN.AASW18&hl=en,
Luker India – Premium LED Lighting Solutions & Advanced ...,"Designers Fan. Water Heater. Explore. Illuminate your world with JV LUKER. Innovation, Illumination, Inspiration. Shop Now. Floor lamb. Plant. LED LIGHTS.",https://www.lukerindia.com/,
Buy Smart Ceiling Fan Online & Get Upto 40% Off,"Customers appreciate the smart setup for effortless cooling in various spaces. The smart ceiling fan price, starting at ₹5,000, reflects their advanced design.",https://www.bajajelectricals.com/collections/smart-ceiling-fan?srsltid=AfmBOopRcmn1-c2zbzLheFs5BjAgBmzRVOLwtENeLTAM7YK59vQEEp1c,
"Depuley 42"" Smart Ceiling Fan With Light - Remote Control ...","This Depuley ceiling fan is seriously smart and versatile! The 42-inch size is perfect for bedrooms, living rooms, kitchens, or covered outdoor spaces like ...",https://encounterindia.in/goods/Fan-With-Light-Remote-Control-DC-Motor/1162558,
Upgrade Your Space with the GM Excel 25 BLDC Ceiling Fan,"... fan. This innovative fan boasts a wide voltage range, durable build, and remote control, making it a smart home must-have. Discover how it ...",https://www.instagram.com/reel/DR4WVnVEma0/,
Smart Dimmers & Fan Switches | Caséta by Lutron,"Instantly transform your kitchen from a brightly lit area for cooking, to an intimately-dimmed dining spot in a matter of seconds.",https://www.casetawireless.com/us/en/products/dimmers-switches,
Smart Ceiling Fans: Tips for Automation Success - General,Products like the Philips Hue Smart Ceiling Fan or retrofit kits from brands like Smart Life are excellent starting points. Once you've got your ...,https://forum.aqara.com/t/smart-ceiling-fans-tips-for-automation-success/103428,
Buy Best Smart Ceiling Fans Online at Moglix | Lowest Prices,"Orient I-Tome Smart 28W 5 Star 3 Blade Brown Ceiling Fan with Remote Control & Voice Control, 2134830512010, Sweep: 1200 mm... ₹5,230. ₹8,50038% ...",https://www.moglix.com/alp/smart-ceiling-fans?srsltid=AfmBOopwOLKCfbs6Tj9ib9cS6N4DiJgBBa_xWPRUApJ7heEYpvJrIoXQ,
Smart Fan | Govee US,Upgrade your cooling experience with our innovative smart fans. Control your comfort from anywhere with intuitive app integration and voice commands.,https://us.govee.com/collections/smart-fan?srsltid=AfmBOookcZhywe0I-PP_U1EOlUNHoRzQaCVRMc4k-DBb75am59K99PCw,
